date,M2SL,STLFSI4,BTC,GOLD
1959-01-01,286.6,,,
1959-02-01,287.7,,,
1959-03-01,289.2,,,
1959-04-01,290.1,,,
1959-05-01,292.2,,,
1959-06-01,294.1,,,
1959-07-01,295.2,,,
1959-08-01,296.4,,,
1959-09-01,296.7,,,
1959-10-01,296.5,,,
1959-11-01,297.1,,,
1959-12-01,297.8,,,
1960-01-01,298.2,,,
1960-02-01,298.4,,,
1960-03-01,299.3,,,
1960-04-01,300.1,,,
1960-05-01,300.9,,,
1960-06-01,302.3,,,
1960-07-01,304.1,,,
1960-08-01,306.9,,,
1960-09-01,308.4,,,
1960-10-01,309.5,,,
1960-11-01,310.9,,,
1960-12-01,312.4,,,
1961-01-01,314.1,,,
1961-02-01,316.5,,,
1961-03-01,318.3,,,
1961-04-01,319.9,,,
1961-05-01,322.2,,,
1961-06-01,324.3,,,
1961-07-01,325.6,,,
1961-08-01,327.6,,,
1961-09-01,329.5,,,
1961-10-01,331.1,,,
1961-11-01,333.4,,,
1961-12-01,335.5,,,
1962-01-01,337.5,,,
1962-02-01,340.1,,,
1962-03-01,343.1,,,
1962-04-01,345.5,,,
1962-05-01,347.5,,,
1962-06-01,349.3,,,
1962-07-01,350.8,,,
1962-08-01,352.8,,,
1962-09-01,354.9,,,
1962-10-01,357.2,,,
1962-11-01,359.8,,,
1962-12-01,362.7,,,
1963-01-01,365.2,,,
1963-02-01,367.9,,,
1963-03-01,370.7,,,
1963-04-01,373.3,,,
1963-05-01,376.1,,,
1963-06-01,378.4,,,
1963-07-01,381.1,,,
1963-08-01,383.6,,,
1963-09-01,386.0,,,
1963-10-01,388.3,,,
1963-11-01,391.5,,,
1963-12-01,393.2,,,
1964-01-01,395.2,,,
1964-02-01,397.6,,,
1964-03-01,399.8,,,
1964-04-01,401.7,,,
1964-05-01,404.2,,,
1964-06-01,407.1,,,
1964-07-01,410.1,,,
1964-08-01,413.4,,,
1964-09-01,416.9,,,
1964-10-01,419.1,,,
1964-11-01,422.0,,,
1964-12-01,424.7,,,
1965-01-01,427.5,,,
1965-02-01,430.4,,,
1965-03-01,433.2,,,
1965-04-01,435.4,,,
1965-05-01,437.1,,,
1965-06-01,440.1,,,
1965-07-01,442.9,,,
1965-08-01,445.8,,,
1965-09-01,449.5,,,
1965-10-01,452.6,,,
1965-11-01,455.7,,,
1965-12-01,459.2,,,
1966-01-01,462.0,,,
1966-02-01,464.6,,,
1966-03-01,467.2,,,
1966-04-01,469.3,,,
1966-05-01,470.1,,,
1966-06-01,471.2,,,
1966-07-01,470.9,,,
1966-08-01,472.6,,,
1966-09-01,475.4,,,
1966-10-01,475.7,,,
1966-11-01,477.3,,,
1966-12-01,480.2,,,
1967-01-01,481.6,,,
1967-02-01,485.1,,,
1967-03-01,489.7,,,
1967-04-01,492.1,,,
1967-05-01,497.2,,,
1967-06-01,502.0,,,
1967-07-01,506.3,,,
1967-08-01,510.8,,,
1967-09-01,514.7,,,
1967-10-01,518.2,,,
1967-11-01,521.2,,,
1967-12-01,524.8,,,
1968-01-01,527.4,,,
1968-02-01,530.4,,,
1968-03-01,533.2,,,
1968-04-01,535.7,,,
1968-05-01,538.9,,,
1968-06-01,542.6,,,
1968-07-01,545.6,,,
1968-08-01,549.4,,,
1968-09-01,553.6,,,
1968-10-01,557.6,,,
1968-11-01,562.4,,,
1968-12-01,566.8,,,
1969-01-01,569.3,,,
1969-02-01,571.9,,,
1969-03-01,574.4,,,
1969-04-01,575.7,,,
1969-05-01,576.5,,,
1969-06-01,578.5,,,
1969-07-01,579.5,,,
1969-08-01,580.1,,,
1969-09-01,582.1,,,
1969-10-01,583.4,,,
1969-11-01,585.4,,,
1969-12-01,587.9,,,
1970-01-01,589.6,,,
1970-02-01,586.3,,,
1970-03-01,587.3,,,
1970-04-01,588.4,,,
1970-05-01,591.5,,,
1970-06-01,595.2,,,
1970-07-01,599.1,,,
1970-08-01,604.9,,,
1970-09-01,611.2,,,
1970-10-01,616.4,,,
1970-11-01,621.1,,,
1970-12-01,626.5,,,
1971-01-01,632.9,,,
1971-02-01,641.0,,,
1971-03-01,649.9,,,
1971-04-01,658.4,,,
1971-05-01,666.7,,,
1971-06-01,673.0,,,
1971-07-01,679.6,,,
1971-08-01,685.5,,,
1971-09-01,692.5,,,
1971-10-01,698.4,,,
1971-11-01,704.6,,,
1971-12-01,710.3,,,
1972-01-01,717.7,,,
1972-02-01,725.7,,,
1972-03-01,733.5,,,
1972-04-01,738.4,,,
1972-05-01,743.3,,,
1972-06-01,749.7,,,
1972-07-01,759.5,,,
1972-08-01,768.7,,,
1972-09-01,778.3,,,
1972-10-01,786.9,,,
1972-11-01,793.9,,,
1972-12-01,802.3,,,
1973-01-01,810.3,,,
1973-02-01,814.1,,,
1973-03-01,815.3,,,
1973-04-01,819.7,,,
1973-05-01,826.8,,,
1973-06-01,833.3,,,
1973-07-01,836.5,,,
1973-08-01,838.8,,,
1973-09-01,839.3,,,
1973-10-01,842.6,,,
1973-11-01,848.9,,,
1973-12-01,855.5,,,
1974-01-01,859.7,,,
1974-02-01,864.2,,,
1974-03-01,870.1,,,
1974-04-01,872.9,,,
1974-05-01,874.6,,,
1974-06-01,877.8,,,
1974-07-01,881.4,,,
1974-08-01,884.1,,,
1974-09-01,887.9,,,
1974-10-01,893.3,,,
1974-11-01,898.6,,,
1974-12-01,902.1,,,
1975-01-01,906.3,,,
1975-02-01,914.1,,,
1975-03-01,925.0,,,
1975-04-01,935.1,,,
1975-05-01,947.9,,,
1975-06-01,963.0,,,
1975-07-01,975.1,,,
1975-08-01,983.1,,,
1975-09-01,991.5,,,
1975-10-01,997.8,,,
1975-11-01,1006.9,,,
1975-12-01,1016.2,,,
1976-01-01,1026.6,,,
1976-02-01,1040.3,,,
1976-03-01,1050.0,,,
1976-04-01,1060.8,,,
1976-05-01,1072.1,,,
1976-06-01,1077.6,,,
1976-07-01,1086.3,,,
1976-08-01,1098.7,,,
1976-09-01,1110.8,,,
1976-10-01,1125.0,,,
1976-11-01,1138.2,,,
1976-12-01,1152.0,,,
1977-01-01,1165.2,,,
1977-02-01,1177.6,,,
1977-03-01,1188.5,,,
1977-04-01,1199.6,,,
1977-05-01,1209.0,,,
1977-06-01,1217.8,,,
1977-07-01,1226.7,,,
1977-08-01,1237.0,,,
1977-09-01,1246.2,,,
1977-10-01,1254.0,,,
1977-11-01,1262.4,,,
1977-12-01,1270.3,,,
1978-01-01,1279.7,,,
1978-02-01,1285.5,,,
1978-03-01,1292.2,,,
1978-04-01,1300.4,,,
1978-05-01,1310.5,,,
1978-06-01,1318.5,,,
1978-07-01,1324.1,,,
1978-08-01,1333.5,,,
1978-09-01,1345.0,,,
1978-10-01,1352.3,,,
1978-11-01,1359.1,,,
1978-12-01,1366.0,,,
1979-01-01,1371.6,,,
1979-02-01,1377.8,,,
1979-03-01,1387.8,,,
1979-04-01,1402.1,,,
1979-05-01,1410.2,,,
1979-06-01,1423.0,,,
1979-07-01,1434.8,,,
1979-08-01,1446.6,,,
1979-09-01,1454.1,,,
1979-10-01,1460.4,,,
1979-11-01,1465.9,,,
1979-12-01,1473.7,,,
1980-01-01,1482.7,,,
1980-02-01,1494.6,,,
1980-03-01,1499.8,,,
1980-04-01,1502.2,,,
1980-05-01,1512.3,,,
1980-06-01,1529.2,,,
1980-07-01,1545.5,,,
1980-08-01,1561.5,,,
1980-09-01,1574.0,,,
1980-10-01,1584.8,,,
1980-11-01,1595.8,,,
1980-12-01,1599.8,,,
1981-01-01,1606.9,,,
1981-02-01,1618.7,,,
1981-03-01,1636.6,,,
1981-04-01,1659.2,,,
1981-05-01,1664.2,,,
1981-06-01,1670.3,,,
1981-07-01,1681.9,,,
1981-08-01,1694.3,,,
1981-09-01,1706.0,,,
1981-10-01,1721.8,,,
1981-11-01,1736.1,,,
1981-12-01,1755.5,,,
1982-01-01,1770.4,,,
1982-02-01,1774.5,,,
1982-03-01,1786.5,,,
1982-04-01,1803.9,,,
1982-05-01,1815.4,,,
1982-06-01,1826.0,,,
1982-07-01,1831.5,,,
1982-08-01,1845.2,,,
1982-09-01,1858.4,,,
1982-10-01,1869.7,,,
1982-11-01,1883.7,,,
1982-12-01,1905.9,,,
1983-01-01,1959.4,,,
1983-02-01,1996.8,,,
1983-03-01,2015.2,,,
1983-04-01,2028.6,,,
1983-05-01,2043.1,,,
1983-06-01,2053.5,,,
1983-07-01,2064.8,,,
1983-08-01,2074.0,,,
1983-09-01,2083.2,,,
1983-10-01,2099.2,,,
1983-11-01,2112.3,,,
1983-12-01,2123.5,,,
1984-01-01,2138.2,,,
1984-02-01,2158.2,,,
1984-03-01,2175.2,,,
1984-04-01,2191.7,,,
1984-05-01,2204.1,,,
1984-06-01,2215.1,,,
1984-07-01,2223.5,,,
1984-08-01,2230.4,,,
1984-09-01,2244.4,,,
1984-10-01,2258.9,,,
1984-11-01,2281.4,,,
1984-12-01,2306.4,,,
1985-01-01,2332.4,,,
1985-02-01,2354.1,,,
1985-03-01,2366.2,,,
1985-04-01,2375.4,,,
1985-05-01,2389.5,,,
1985-06-01,2412.6,,,
1985-07-01,2429.5,,,
1985-08-01,2444.0,,,
1985-09-01,2456.4,,,
1985-10-01,2468.0,,,
1985-11-01,2477.8,,,
1985-12-01,2492.1,,,
1986-01-01,2502.1,,,
1986-02-01,2512.9,,,
1986-03-01,2533.1,,,
1986-04-01,2557.8,,,
1986-05-01,2584.8,,,
1986-06-01,2605.0,,,
1986-07-01,2626.6,,,
1986-08-01,2646.5,,,
1986-09-01,2667.8,,,
1986-10-01,2687.4,,,
1986-11-01,2701.3,,,
1986-12-01,2728.0,,,
1987-01-01,2743.9,,,
1987-02-01,2747.5,,,
1987-03-01,2753.7,,,
1987-04-01,2767.7,,,
1987-05-01,2772.9,,,
1987-06-01,2774.6,,,
1987-07-01,2779.0,,,
1987-08-01,2788.2,,,
1987-09-01,2799.5,,,
1987-10-01,2814.8,,,
1987-11-01,2818.9,,,
1987-12-01,2826.4,,,
1988-01-01,2847.4,,,
1988-02-01,2870.4,,,
1988-03-01,2890.7,,,
1988-04-01,2910.7,,,
1988-05-01,2926.0,,,
1988-06-01,2938.4,,,
1988-07-01,2947.2,,,
1988-08-01,2952.0,,,
1988-09-01,2956.9,,,
1988-10-01,2965.3,,,
1988-11-01,2980.2,,,
1988-12-01,2988.2,,,
1989-01-01,2991.7,,,
1989-02-01,2992.2,,,
1989-03-01,2999.7,,,
1989-04-01,3006.0,,,
1989-05-01,3011.6,,,
1989-06-01,3027.9,,,
1989-07-01,3052.4,,,
1989-08-01,3074.4,,,
1989-09-01,3092.5,,,
1989-10-01,3114.1,,,
1989-11-01,3133.3,,,
1989-12-01,3152.5,,,
1990-01-01,3166.8,,,
1990-02-01,3179.2,,,
1990-03-01,3190.1,,,
1990-04-01,3201.6,,,
1990-05-01,3200.6,,,
1990-06-01,3213.7,,,
1990-07-01,3224.5,,,
1990-08-01,3242.0,,,
1990-09-01,3254.6,,,
1990-10-01,3259.3,,,
1990-11-01,3262.6,,,
1990-12-01,3271.8,,,
1991-01-01,3287.7,,,
1991-02-01,3304.5,,,
1991-03-01,3321.9,,,
1991-04-01,3332.4,,,
1991-05-01,3343.0,,,
1991-06-01,3351.9,,,
1991-07-01,3356.1,,,
1991-08-01,3355.0,,,
1991-09-01,3354.9,,,
1991-10-01,3360.1,,,
1991-11-01,3365.5,,,
1991-12-01,3372.2,,,
1992-01-01,3381.2,,,
1992-02-01,3400.0,,,
1992-03-01,3403.9,,,
1992-04-01,3399.7,,,
1992-05-01,3398.6,,,
1992-06-01,3393.4,,,
1992-07-01,3393.9,,,
1992-08-01,3398.8,,,
1992-09-01,3410.3,,,
1992-10-01,3423.8,,,
1992-11-01,3426.5,,,
1992-12-01,3424.7,,,
1993-01-01,3419.1,,,
1993-02-01,3414.5,,,
1993-03-01,3411.7,,,
1993-04-01,3411.3,,,
1993-05-01,3436.9,,,
1993-06-01,3442.4,,,
1993-07-01,3442.0,,,
1993-08-01,3445.7,,,
1993-09-01,3452.2,,,
1993-10-01,3456.7,,,
1993-11-01,3470.1,,,
1993-12-01,3474.5,-0.2918,,
1994-01-01,3474.9,-0.2594,,
1994-02-01,3475.7,-0.34475,,
1994-03-01,3480.1,-0.196375,,
1994-04-01,3481.3,-0.08968000000000001,,
1994-05-01,3490.8,-0.189125,,
1994-06-01,3479.5,-0.070575,,
1994-07-01,3488.2,-0.10411999999999999,,
1994-08-01,3485.7,-0.27137500000000003,,
1994-09-01,3486.1,-0.26056,,
1994-10-01,3484.3,-0.14705000000000001,,
1994-11-01,3487.2,-0.2498,,
1994-12-01,3486.4,-0.15562,,
1995-01-01,3492.4,-0.247475,,
1995-02-01,3489.9,-0.31422500000000003,,
1995-03-01,3491.1,-0.26711999999999997,,
1995-04-01,3499.2,-0.314475,,
1995-05-01,3524.2,-0.2863,,
1995-06-01,3548.9,-0.173,,
1995-07-01,3567.4,-0.27165,,
1995-08-01,3589.0,-0.270125,,
1995-09-01,3602.1,-0.28208,,
1995-10-01,3613.4,-0.153925,,
1995-11-01,3619.9,-0.325775,,
1995-12-01,3629.5,-0.29202,,
1996-01-01,3647.9,-0.311875,,
1996-02-01,3661.8,-0.329725,,
1996-03-01,3686.9,-0.18446,,
1996-04-01,3697.7,-0.10055,,
1996-05-01,3709.6,-0.20234000000000002,,
1996-06-01,3722.5,-0.16317500000000001,,
1996-07-01,3737.1,-0.1137,,
1996-08-01,3744.0,-0.1921,,
1996-09-01,3753.4,-0.14452500000000001,,
1996-10-01,3772.8,-0.122575,,
1996-11-01,3795.1,-0.22856,,
1996-12-01,3818.6,-0.1095,,
1997-01-01,3834.6,-0.26502,,
1997-02-01,3846.3,-0.319525,,
1997-03-01,3861.2,-0.292775,,
1997-04-01,3877.0,-0.169275,,
1997-05-01,3889.2,-0.2384,,
1997-06-01,3906.0,-0.180675,,
1997-07-01,3923.9,-0.2805,,
1997-08-01,3957.4,-0.29156,,
1997-09-01,3973.1,-0.161975,,
1997-10-01,3992.3,-0.020720000000000006,,
1997-11-01,4014.8,0.0005750000000000095,,
1997-12-01,4032.9,-0.081275,,
1998-01-01,4056.2,-0.14614,,
1998-02-01,4088.9,-0.354575,,
1998-03-01,4114.3,-0.32625,,
1998-04-01,4140.2,-0.22385,,
1998-05-01,4164.4,-0.19872,,
1998-06-01,4184.1,-0.174625,,
1998-07-01,4203.8,-0.25989999999999996,,
1998-08-01,4228.7,0.3882,,
1998-09-01,4267.7,0.81775,,
1998-10-01,4307.9,1.1436199999999999,,
1998-11-01,4346.6,0.3507,,
1998-12-01,4375.6,0.43167500000000003,,
1999-01-01,4403.0,0.36048,,
1999-02-01,4425.8,0.146275,,
1999-03-01,4432.6,0.103325,,
1999-04-01,4461.4,0.03832,,
1999-05-01,4486.1,0.14785,,
1999-06-01,4508.0,0.1135,,
1999-07-01,4535.4,0.1767,,
1999-08-01,4552.7,0.254425,,
1999-09-01,4568.8,0.31765,,
1999-10-01,4592.7,0.37938,,
1999-11-01,4611.8,0.1314,,
1999-12-01,4639.3,0.15982000000000002,,
2000-01-01,4667.6,0.008324999999999999,,
2000-02-01,4680.9,0.114325,,
2000-03-01,4711.7,0.02728,,
2000-04-01,4767.8,0.412275,,
2000-05-01,4755.7,0.450175,,
2000-06-01,4773.6,0.41218000000000005,,
2000-07-01,4791.3,0.15725,,
2000-08-01,4819.5,0.034050000000000004,,278.29998779296875
2000-09-01,4855.2,0.09726,,273.6000061035156
2000-10-01,4871.3,0.41555000000000003,,264.8999938964844
2000-11-01,4882.7,0.346775,,270.1000061035156
2000-12-01,4927.6,0.65766,,272.0
2001-01-01,4978.3,0.496475,,265.6000061035156
2001-02-01,5017.0,0.435475,,266.79998779296875
2001-03-01,5074.8,0.6733800000000001,,257.8999938964844
2001-04-01,5139.1,0.7997500000000001,,264.0
2001-05-01,5137.2,0.3862,,265.29998779296875
2001-06-01,5180.1,0.4185,,270.6000061035156
2001-07-01,5210.0,0.406875,,266.20001220703125
2001-08-01,5243.8,0.35756,,274.3999938964844
2001-09-01,5355.1,1.19225,,292.3999938964844
2001-10-01,5343.8,0.8847499999999999,,279.5
2001-11-01,5387.5,0.70696,,273.8999938964844
2001-12-01,5440.5,0.738775,,278.70001220703125
2002-01-01,5460.9,0.51815,,282.1000061035156
2002-02-01,5490.2,0.5325,,296.70001220703125
2002-03-01,5502.0,0.2845,,302.6000061035156
2002-04-01,5502.1,0.386,,308.8999938964844
2002-05-01,5528.3,0.30576,,326.5
2002-06-01,5553.3,0.70475,,313.5
2002-07-01,5596.0,1.068375,,303.20001220703125
2002-08-01,5638.3,1.0034,,312.3999938964844
2002-09-01,5662.3,1.2745,,323.8999938964844
2002-10-01,5707.1,1.15,,318.0
2002-11-01,5758.1,0.90144,,316.79998779296875
2002-12-01,5779.4,0.83225,,347.6000061035156
2003-01-01,5812.1,0.7877,,368.29998779296875
2003-02-01,5848.2,0.8034250000000001,,350.20001220703125
2003-03-01,5868.4,0.664925,,335.8999938964844
2003-04-01,5905.5,0.37885,,339.1000061035156
2003-05-01,5965.3,0.35848,,364.5
2003-06-01,6002.2,0.349725,,346.0
2003-07-01,6049.1,0.221575,,354.0
2003-08-01,6107.1,0.25126,,375.70001220703125
2003-09-01,6079.7,0.06067500000000001,,385.3999938964844
2003-10-01,6070.0,-0.1433,,384.5
2003-11-01,6075.5,-0.23270000000000002,,396.79998779296875
2003-12-01,6073.8,-0.246025,,415.70001220703125
2004-01-01,6082.1,-0.3647,,402.20001220703125
2004-02-01,6121.8,-0.449225,,396.3999938964844
2004-03-01,6157.9,-0.4059,,427.29998779296875
2004-04-01,6198.9,-0.50442,,387.0
2004-05-01,6275.7,-0.43155,,394.0
2004-06-01,6277.9,-0.5849,,392.6000061035156
2004-07-01,6291.1,-0.5062,,391.0
2004-08-01,6317.8,-0.4854,,410.3999938964844
2004-09-01,6352.2,-0.613075,,418.70001220703125
2004-10-01,6379.8,-0.5636,,428.5
2004-11-01,6406.3,-0.8082,,451.29998779296875
2004-12-01,6424.5,-0.79898,,437.5
2005-01-01,6430.8,-0.732275,,421.79998779296875
2005-02-01,6438.9,-0.9084000000000001,,436.5
2005-03-01,6448.3,-0.846775,,428.70001220703125
2005-04-01,6461.8,-0.69528,,435.0
2005-05-01,6479.0,-0.6685,,416.29998779296875
2005-06-01,6511.7,-0.71335,,435.8999938964844
2005-07-01,6543.5,-0.8355600000000001,,429.8999938964844
2005-08-01,6576.3,-0.855175,,433.79998779296875
2005-09-01,6610.1,-0.7874800000000001,,469.0
2005-10-01,6643.9,-0.7415,,465.1000061035156
2005-11-01,6660.7,-0.80925,,494.6000061035156
2005-12-01,6687.8,-0.69762,,517.0999755859375
2006-01-01,6730.1,-0.91445,,570.7999877929688
2006-02-01,6754.7,-1.031,,561.5999755859375
2006-03-01,6769.3,-1.0289,,581.7999877929688
2006-04-01,6806.9,-1.0240749999999998,,651.7999877929688
2006-05-01,6813.7,-0.970425,,642.5
2006-06-01,6851.8,-0.8188000000000001,,613.5
2006-07-01,6893.6,-0.870475,,634.2000122070312
2006-08-01,6925.1,-0.9551499999999999,,625.9000244140625
2006-09-01,6952.4,-0.8843400000000001,,598.5999755859375
2006-10-01,7001.7,-0.95755,,604.0999755859375
2006-11-01,7037.2,-0.9543,,646.9000244140625
2006-12-01,7080.1,-0.9172800000000001,,635.2000122070312
2007-01-01,7118.3,-1.021225,,652.0
2007-02-01,7134.3,-1.1042,,669.4000244140625
2007-03-01,7168.2,-0.85612,,663.0
2007-04-01,7240.7,-1.00315,,680.5
2007-05-01,7254.6,-0.9422,,661.0
2007-06-01,7287.8,-0.73304,,648.0999755859375
2007-07-01,7318.7,-0.570825,,666.9000244140625
2007-08-01,7394.8,0.73644,,673.0
2007-09-01,7413.0,1.12665,,742.7999877929688
2007-10-01,7428.1,0.634525,,792.0
2007-11-01,7453.6,1.36532,,782.2000122070312
2007-12-01,7483.9,1.759575,,834.9000244140625
2008-01-01,7517.5,1.3851499999999999,,922.7000122070312
2008-02-01,7604.0,1.28208,,972.0999755859375
2008-03-01,7670.0,2.14885,,916.2000122070312
2008-04-01,7712.5,1.8197,,862.7999877929688
2008-05-01,7725.2,1.12324,,887.2999877929688
2008-06-01,7743.9,1.404975,,926.2000122070312
2008-07-01,7791.2,1.659675,,913.9000244140625
2008-08-01,7805.8,1.62502,,829.2999877929688
2008-09-01,7872.4,3.1448,,874.2000122070312
2008-10-01,7974.9,8.4967,,716.7999877929688
2008-11-01,8027.0,6.7241,,816.2000122070312
2008-12-01,8204.7,6.092499999999999,,883.5999755859375
2009-01-01,8289.0,4.19116,,927.2999877929688
2009-02-01,8319.3,3.9000000000000004,,941.5
2009-03-01,8386.4,3.8385499999999997,,922.5999755859375
2009-04-01,8391.1,2.8302,,890.7000122070312
2009-05-01,8449.2,1.7935000000000003,,978.7999877929688
2009-06-01,8459.3,1.3781,,927.0999755859375
2009-07-01,8463.5,1.00644,,953.7000122070312
2009-08-01,8463.0,0.624675,,951.7000122070312
2009-09-01,8461.6,0.32642499999999997,,1008.0
2009-10-01,8487.9,0.29918,,1039.699951171875
2009-11-01,8517.0,0.189925,,1181.0999755859375
2009-12-01,8512.2,-0.07705000000000001,,1095.199951171875
2010-01-01,8477.7,-0.19762,,1083.0
2010-02-01,8527.3,-0.095425,,1118.300048828125
2010-03-01,8523.5,-0.4155,,1113.300048828125
2010-04-01,8554.8,-0.37784,,1180.0999755859375
2010-05-01,8609.0,0.6945,,1212.199951171875
2010-06-01,8628.1,0.7221500000000001,,1245.5
2010-07-01,8639.5,0.5083,,1181.699951171875
2010-08-01,8687.9,0.379675,,1248.300048828125
2010-09-01,8718.7,0.10845,,1307.800048828125
2010-10-01,8768.4,-0.07542,,1357.0999755859375
2010-11-01,8789.0,-0.0836,,1385.0
2010-12-01,8823.2,-0.19618000000000002,,1421.0999755859375
2011-01-01,8849.0,-0.30535,,1333.800048828125
2011-02-01,8913.3,-0.310875,,1409.300048828125
2011-03-01,8971.5,-0.18085,,1438.9000244140625
2011-04-01,9035.1,-0.41574,,1556.0
2011-05-01,9107.8,-0.32305,,1535.9000244140625
2011-06-01,9182.1,-0.149875,,1502.300048828125
2011-07-01,9344.2,-0.26582,,1628.300048828125
2011-08-01,9531.0,0.7667999999999999,,1828.5
2011-09-01,9551.5,0.8911999999999999,,1620.4000244140625
2011-10-01,9584.4,0.71095,,1724.199951171875
2011-11-01,9636.5,0.9801249999999999,,1745.5
2011-12-01,9683.9,0.7054400000000001,,1565.800048828125
2012-01-01,9757.6,0.4647,,1737.800048828125
2012-02-01,9809.8,0.162275,,1709.9000244140625
2012-03-01,9853.9,-0.009580000000000002,,1669.300048828125
2012-04-01,9907.7,0.093925,,1663.4000244140625
2012-05-01,9951.4,0.2132,,1562.5999755859375
2012-06-01,10021.6,0.2541,,1603.5
2012-07-01,10074.5,0.05985,,1610.5
2012-08-01,10145.6,-0.1291,,1684.5999755859375
2012-09-01,10226.1,-0.355075,,1771.0999755859375
2012-10-01,10292.4,-0.4632,,1717.5
2012-11-01,10361.9,-0.37176,,1710.9000244140625
2012-12-01,10484.1,-0.509675,,1674.800048828125
2013-01-01,10508.1,-0.637675,,1660.5999755859375
2013-02-01,10527.5,-0.5982000000000001,,1577.699951171875
2013-03-01,10583.8,-0.65088,,1594.800048828125
2013-04-01,10611.3,-0.61515,,1472.199951171875
2013-05-01,10646.1,-0.58858,,1392.5999755859375
2013-06-01,10703.3,-0.0692,,1223.800048828125
2013-07-01,10742.8,-0.365225,,1312.4000244140625
2013-08-01,10801.2,-0.30126,,1396.0999755859375
2013-09-01,10862.0,-0.343275,,1326.5
2013-10-01,10986.3,-0.448125,,1323.5999755859375
2013-11-01,10995.6,-0.5663199999999999,,1250.5999755859375
2013-12-01,11060.1,-0.5512,,1201.9000244140625
2014-01-01,11130.8,-0.5428,,1240.0999755859375
2014-02-01,11196.8,-0.575825,,1321.4000244140625
2014-03-01,11232.6,-0.6127750000000001,,1283.4000244140625
2014-04-01,11277.7,-0.6242,,1295.5999755859375
2014-05-01,11342.8,-0.7042400000000001,,1245.5999755859375
2014-06-01,11398.1,-0.801075,,1321.800048828125
2014-07-01,11453.0,-0.71585,,1281.300048828125
2014-08-01,11477.3,-0.6072599999999999,,1285.800048828125
2014-09-01,11519.1,-0.503525,386.9440002441406,1210.5
2014-10-01,11593.1,-0.27569999999999995,338.3210144042969,1171.0999755859375
2014-11-01,11634.2,-0.39475,378.0469970703125,1175.199951171875
2014-12-01,11717.6,-0.17275000000000001,320.1929931640625,1183.9000244140625
2015-01-01,11805.2,0.037180000000000005,217.46400451660156,1278.5
2015-02-01,11922.8,-0.22355,254.26300048828125,1212.5999755859375
2015-03-01,11920.5,-0.177625,244.2239990234375,1183.0999755859375
2015-04-01,11954.6,-0.32255,236.14500427246094,1182.4000244140625
2015-05-01,11982.6,-0.29244000000000003,230.19000244140625,1189.4000244140625
2015-06-01,12023.2,-0.215625,263.0719909667969,1171.5
2015-07-01,12067.0,-0.10794,284.6499938964844,1094.9000244140625
2015-08-01,12112.0,0.169325,230.05599975585938,1131.5999755859375
2015-09-01,12173.9,0.27690000000000003,236.05999755859375,1115.5
2015-10-01,12225.2,0.19456,314.1659851074219,1141.5
2015-11-01,12317.0,0.0549,377.3210144042969,1065.800048828125
2015-12-01,12387.9,0.38134999999999997,430.5669860839844,1060.300048828125
2016-01-01,12518.5,0.68782,368.7669982910156,1116.4000244140625
2016-02-01,12603.9,0.779075,437.6969909667969,1233.9000244140625
2016-03-01,12661.8,0.212075,416.72900390625,1234.199951171875
2016-04-01,12743.2,0.17543999999999998,448.3179931640625,1289.199951171875
2016-05-01,12802.0,0.134675,531.385986328125,1214.800048828125
2016-06-01,12852.5,0.28042500000000004,673.3369750976562,1318.4000244140625
2016-07-01,12911.9,0.20776,624.6810302734375,1349.0
2016-08-01,12989.7,0.26255,575.4719848632812,1306.9000244140625
2016-09-01,13054.9,0.34902,609.7349853515625,1313.300048828125
2016-10-01,13122.8,0.15515,700.9719848632812,1271.5
2016-11-01,13208.7,0.087575,745.6909790039062,1170.800048828125
2016-12-01,13234.9,-0.10996000000000002,963.7429809570312,1150.0
2017-01-01,13315.7,-0.119475,970.4030151367188,1208.5999755859375
2017-02-01,13394.8,-0.20485,1179.969970703125,1252.5999755859375
2017-03-01,13463.6,-0.36136,1071.7900390625,1247.300048828125
2017-04-01,13521.7,-0.36602500000000004,1347.8900146484375,1266.0999755859375
2017-05-01,13568.9,-0.559275,2286.409912109375,1272.0
2017-06-01,13580.5,-0.61614,2480.840087890625,1240.699951171875
2017-07-01,13643.1,-0.64115,2875.340087890625,1266.5999755859375
2017-08-01,13697.7,-0.49570000000000003,4703.39013671875,1316.199951171875
2017-09-01,13745.1,-0.59596,4338.7099609375,1281.5
2017-10-01,13800.1,-0.714375,6468.39990234375,1267.0
2017-11-01,13843.5,-0.7202500000000001,10233.599609375,1273.199951171875
2017-12-01,13881.7,-0.6523,14156.400390625,1306.300048828125
2018-01-01,13900.3,-0.661,10221.099609375,1339.0
2018-02-01,13949.3,-0.251925,10397.900390625,1315.5
2018-03-01,14012.7,0.07948000000000001,6973.52978515625,1322.800048828125
2018-04-01,14035.9,0.093625,9240.5498046875,1316.199951171875
2018-05-01,14092.4,-0.19165,7494.169921875,1300.0999755859375
2018-06-01,14137.2,-0.20238,6404.0,1251.300048828125
2018-07-01,14174.6,-0.4031,7780.43994140625,1223.699951171875
2018-08-01,14223.2,-0.5507799999999999,7037.580078125,1200.300048828125
2018-09-01,14245.5,-0.72065,6625.56005859375,1191.5
2018-10-01,14256.6,-0.486825,6317.60986328125,1212.300048828125
2018-11-01,14282.8,-0.16166,4017.2685546875,1220.199951171875
2018-12-01,14386.8,0.42132499999999995,3742.700439453125,1278.300048828125
2019-01-01,14459.7,-0.033275,3457.792724609375,1319.699951171875
2019-02-01,14506.3,-0.327575,3854.785400390625,1312.800048828125
2019-03-01,14557.5,-0.5029,4105.404296875,1293.0
2019-04-01,14594.7,-0.682625,5350.7265625,1282.800048828125
2019-05-01,14704.4,-0.41265999999999997,8574.501953125,1305.800048828125
2019-06-01,14802.8,-0.3281,10817.1552734375,1409.699951171875
2019-07-01,14886.8,-0.456675,10085.6279296875,1426.0999755859375
2019-08-01,14974.4,0.00808,9630.6640625,1519.0999755859375
2019-09-01,15047.0,-0.12252500000000001,8293.8681640625,1465.699951171875
2019-10-01,15184.1,0.06029999999999999,9199.5849609375,1511.4000244140625
2019-11-01,15296.0,-0.10342,7569.6298828125,1465.5999755859375
2019-12-01,15347.5,-0.2293,7193.59912109375,1519.5
2020-01-01,15427.1,-0.32955999999999996,9350.529296875,1582.9000244140625
2020-02-01,15493.4,-0.204675,8599.5087890625,1564.0999755859375
2020-03-01,16033.0,3.97425,6438.64453125,1583.4000244140625
2020-04-01,17065.3,2.5223750000000003,8658.5537109375,1684.199951171875
2020-05-01,17932.9,0.75376,9461.05859375,1736.9000244140625
2020-06-01,18184.3,0.29805000000000004,9137.9931640625,1793.0
2020-07-01,18335.4,0.06788,11323.466796875,1962.800048828125
2020-08-01,18411.2,-0.192375,11680.8203125,1967.5999755859375
2020-09-01,18602.5,0.023224999999999996,10784.4912109375,1887.5
2020-10-01,18757.6,0.008299999999999997,13780.9951171875,1877.4000244140625
2020-11-01,18997.0,-0.27035,19625.8359375,1775.699951171875
2020-12-01,19115.7,-0.406675,29001.720703125,1893.0999755859375
2021-01-01,19379.0,-0.44611999999999996,33114.359375,1847.300048828125
2021-02-01,19641.8,-0.6,45137.76953125,1728.0999755859375
2021-03-01,19873.2,-0.509475,58918.83203125,1713.800048828125
2021-04-01,20175.3,-0.7562800000000001,57750.17578125,1767.300048828125
2021-05-01,20458.8,-0.7616,37332.85546875,1902.5
2021-06-01,20477.0,-0.7973,35040.8359375,1770.800048828125
2021-07-01,20633.2,-0.73114,41626.1953125,1812.5999755859375
2021-08-01,20840.6,-0.724525,47166.6875,1815.0
2021-09-01,20981.0,-0.66765,43790.89453125,1755.300048828125
2021-10-01,21160.6,-0.73724,61318.95703125,1783.0
2021-11-01,21335.7,-0.6564,57005.42578125,1773.5999755859375
2021-12-01,21498.7,-0.54002,46306.4453125,1827.5
2022-01-01,21650.0,-0.4819,38483.125,1795.0
2022-02-01,21724.8,-0.31285,43193.234375,1899.4000244140625
2022-03-01,21786.9,-0.1139,45538.67578125,1949.199951171875
2022-04-01,21769.4,-0.26139999999999997,37714.875,1909.300048828125
2022-05-01,21719.2,0.34345000000000003,31792.310546875,1842.699951171875
2022-06-01,21651.1,0.054224999999999995,19784.7265625,1804.0999755859375
2022-07-01,21652.5,0.13098,23336.896484375,1762.9000244140625
2022-08-01,21638.9,-0.361675,20049.763671875,1712.800048828125
2022-09-01,21536.7,-0.04204000000000001,19431.7890625,1662.4000244140625
2022-10-01,21461.4,0.00714999999999999,20495.7734375,1635.9000244140625
2022-11-01,21406.3,-0.2881,17168.56640625,1746.0
2022-12-01,21290.8,0.0032,16547.49609375,1819.699951171875
2023-01-01,21279.4,-0.37,23139.283203125,1929.5
2023-02-01,21242.6,-0.4628,23147.353515625,1828.9000244140625
2023-03-01,20946.7,0.11534,28478.484375,1969.0
2023-04-01,20761.3,-0.37982499999999997,29268.806640625,1990.0999755859375
2023-05-01,20829.6,-0.400025,27219.658203125,1963.9000244140625
2023-06-01,20799.2,-0.6109199999999999,30477.251953125,1921.0999755859375
2023-07-01,20791.1,-0.7327,29230.111328125,1970.5
2023-08-01,20777.0,-0.666525,25931.47265625,1938.199951171875
2023-09-01,20747.6,-0.66442,26967.916015625,1848.0999755859375
2023-10-01,20733.1,-0.407025,34667.78125,1985.199951171875
2023-11-01,20746.6,-0.67115,37712.74609375,2038.0999755859375
2023-12-01,20777.9,-0.4971,42265.1875,2062.39990234375
2024-01-01,20843.7,-0.7239249999999999,42582.60546875,2048.39990234375
2024-02-01,20926.7,-0.66555,61198.3828125,2045.699951171875
2024-03-01,20973.4,-0.87408,71333.6484375,2217.39990234375
2024-04-01,20959.6,-0.721225,60636.85546875,2291.39990234375
2024-05-01,21020.6,-0.89184,67491.4140625,2322.89990234375
2024-06-01,21068.4,-0.8423499999999999,62678.29296875,2327.699951171875
2024-07-01,21095.3,-0.733375,64619.25,2426.5
2024-08-01,21186.7,-0.50466,58969.8984375,2493.800048828125
2024-09-01,21269.5,-0.35195,63329.5,2636.10009765625
2024-10-01,21331.9,-0.525925,70215.1875,2738.300048828125
2024-11-01,21452.2,-0.57478,96449.0546875,2657.0
2024-12-01,21485.8,-0.5533250000000001,93429.203125,2629.199951171875
2025-01-01,21548.1,-0.79314,102405.0234375,2812.5
2025-02-01,21613.4,-0.7034,84373.0078125,2836.800048828125
2025-03-01,21693.6,-0.45430000000000004,82548.9140625,3122.800048828125
2025-04-01,21775.8,0.059625,94207.3125,3305.0
2025-05-01,21833.9,-0.54486,104638.09375,3288.89990234375
2025-06-01,21938.7,-0.733375,107135.3359375,3294.39990234375
2025-07-01,22020.4,-0.784175,115758.203125,3293.199951171875
2025-08-01,22087.1,-0.6848799999999999,108236.7109375,3473.699951171875
2025-09-01,22170.4,-0.52875,114056.0859375,3840.800048828125
2025-10-01,22245.1,-0.46302000000000004,109556.1640625,3982.199951171875
2025-11-01,22277.3,-0.334325,90394.3125,4218.2998046875
2025-12-01,22353.4,-0.42225,87508.828125,4325.60009765625
2026-01-01,22429.3,-0.6494,78621.1171875,4713.89990234375
2026-02-01,22626.9,-0.5475,66995.859375,5230.5
2026-03-01,22686.2,-0.31527499999999997,68233.3125,4647.60009765625
2026-04-01,22804.5,-0.577175,76304.3203125,4614.7001953125
2026-05-01,23052.3,-0.72188,73579.6875,4560.5
2026-06-01,,-0.8643000000000001,59772.96875,4039.10009765625
