date,STLFSI4
1993-12-01,-0.2918
1994-01-01,-0.2594
1994-02-01,-0.34475
1994-03-01,-0.196375
1994-04-01,-0.08968000000000001
1994-05-01,-0.189125
1994-06-01,-0.070575
1994-07-01,-0.10411999999999999
1994-08-01,-0.27137500000000003
1994-09-01,-0.26056
1994-10-01,-0.14705000000000001
1994-11-01,-0.2498
1994-12-01,-0.15562
1995-01-01,-0.247475
1995-02-01,-0.31422500000000003
1995-03-01,-0.26711999999999997
1995-04-01,-0.314475
1995-05-01,-0.2863
1995-06-01,-0.173
1995-07-01,-0.27165
1995-08-01,-0.270125
1995-09-01,-0.28208
1995-10-01,-0.153925
1995-11-01,-0.325775
1995-12-01,-0.29202
1996-01-01,-0.311875
1996-02-01,-0.329725
1996-03-01,-0.18446
1996-04-01,-0.10055
1996-05-01,-0.20234000000000002
1996-06-01,-0.16317500000000001
1996-07-01,-0.1137
1996-08-01,-0.1921
1996-09-01,-0.14452500000000001
1996-10-01,-0.122575
1996-11-01,-0.22856
1996-12-01,-0.1095
1997-01-01,-0.26502
1997-02-01,-0.319525
1997-03-01,-0.292775
1997-04-01,-0.169275
1997-05-01,-0.2384
1997-06-01,-0.180675
1997-07-01,-0.2805
1997-08-01,-0.29156
1997-09-01,-0.161975
1997-10-01,-0.020720000000000006
1997-11-01,0.0005750000000000095
1997-12-01,-0.081275
1998-01-01,-0.14614
1998-02-01,-0.354575
1998-03-01,-0.32625
1998-04-01,-0.22385
1998-05-01,-0.19872
1998-06-01,-0.174625
1998-07-01,-0.25989999999999996
1998-08-01,0.3882
1998-09-01,0.81775
1998-10-01,1.1436199999999999
1998-11-01,0.3507
1998-12-01,0.43167500000000003
1999-01-01,0.36048
1999-02-01,0.146275
1999-03-01,0.103325
1999-04-01,0.03832
1999-05-01,0.14785
1999-06-01,0.1135
1999-07-01,0.1767
1999-08-01,0.254425
1999-09-01,0.31765
1999-10-01,0.37938
1999-11-01,0.1314
1999-12-01,0.15982000000000002
2000-01-01,0.008324999999999999
2000-02-01,0.114325
2000-03-01,0.02728
2000-04-01,0.412275
2000-05-01,0.450175
2000-06-01,0.41218000000000005
2000-07-01,0.15725
2000-08-01,0.034050000000000004
2000-09-01,0.09726
2000-10-01,0.41555000000000003
2000-11-01,0.346775
2000-12-01,0.65766
2001-01-01,0.496475
2001-02-01,0.435475
2001-03-01,0.6733800000000001
2001-04-01,0.7997500000000001
2001-05-01,0.3862
2001-06-01,0.4185
2001-07-01,0.406875
2001-08-01,0.35756
2001-09-01,1.19225
2001-10-01,0.8847499999999999
2001-11-01,0.70696
2001-12-01,0.738775
2002-01-01,0.51815
2002-02-01,0.5325
2002-03-01,0.2845
2002-04-01,0.386
2002-05-01,0.30576
2002-06-01,0.70475
2002-07-01,1.068375
2002-08-01,1.0034
2002-09-01,1.2745
2002-10-01,1.15
2002-11-01,0.90144
2002-12-01,0.83225
2003-01-01,0.7877
2003-02-01,0.8034250000000001
2003-03-01,0.664925
2003-04-01,0.37885
2003-05-01,0.35848
2003-06-01,0.349725
2003-07-01,0.221575
2003-08-01,0.25126
2003-09-01,0.06067500000000001
2003-10-01,-0.1433
2003-11-01,-0.23270000000000002
2003-12-01,-0.246025
2004-01-01,-0.3647
2004-02-01,-0.449225
2004-03-01,-0.4059
2004-04-01,-0.50442
2004-05-01,-0.43155
2004-06-01,-0.5849
2004-07-01,-0.5062
2004-08-01,-0.4854
2004-09-01,-0.613075
2004-10-01,-0.5636
2004-11-01,-0.8082
2004-12-01,-0.79898
2005-01-01,-0.732275
2005-02-01,-0.9084000000000001
2005-03-01,-0.846775
2005-04-01,-0.69528
2005-05-01,-0.6685
2005-06-01,-0.71335
2005-07-01,-0.8355600000000001
2005-08-01,-0.855175
2005-09-01,-0.7874800000000001
2005-10-01,-0.7415
2005-11-01,-0.80925
2005-12-01,-0.69762
2006-01-01,-0.91445
2006-02-01,-1.031
2006-03-01,-1.0289
2006-04-01,-1.0240749999999998
2006-05-01,-0.970425
2006-06-01,-0.8188000000000001
2006-07-01,-0.870475
2006-08-01,-0.9551499999999999
2006-09-01,-0.8843400000000001
2006-10-01,-0.95755
2006-11-01,-0.9543
2006-12-01,-0.9172800000000001
2007-01-01,-1.021225
2007-02-01,-1.1042
2007-03-01,-0.85612
2007-04-01,-1.00315
2007-05-01,-0.9422
2007-06-01,-0.73304
2007-07-01,-0.570825
2007-08-01,0.73644
2007-09-01,1.12665
2007-10-01,0.634525
2007-11-01,1.36532
2007-12-01,1.759575
2008-01-01,1.3851499999999999
2008-02-01,1.28208
2008-03-01,2.14885
2008-04-01,1.8197
2008-05-01,1.12324
2008-06-01,1.404975
2008-07-01,1.659675
2008-08-01,1.62502
2008-09-01,3.1448
2008-10-01,8.4967
2008-11-01,6.7241
2008-12-01,6.092499999999999
2009-01-01,4.19116
2009-02-01,3.9000000000000004
2009-03-01,3.8385499999999997
2009-04-01,2.8302
2009-05-01,1.7935000000000003
2009-06-01,1.3781
2009-07-01,1.00644
2009-08-01,0.624675
2009-09-01,0.32642499999999997
2009-10-01,0.29918
2009-11-01,0.189925
2009-12-01,-0.07705000000000001
2010-01-01,-0.19762
2010-02-01,-0.095425
2010-03-01,-0.4155
2010-04-01,-0.37784
2010-05-01,0.6945
2010-06-01,0.7221500000000001
2010-07-01,0.5083
2010-08-01,0.379675
2010-09-01,0.10845
2010-10-01,-0.07542
2010-11-01,-0.0836
2010-12-01,-0.19618000000000002
2011-01-01,-0.30535
2011-02-01,-0.310875
2011-03-01,-0.18085
2011-04-01,-0.41574
2011-05-01,-0.32305
2011-06-01,-0.149875
2011-07-01,-0.26582
2011-08-01,0.7667999999999999
2011-09-01,0.8911999999999999
2011-10-01,0.71095
2011-11-01,0.9801249999999999
2011-12-01,0.7054400000000001
2012-01-01,0.4647
2012-02-01,0.162275
2012-03-01,-0.009580000000000002
2012-04-01,0.093925
2012-05-01,0.2132
2012-06-01,0.2541
2012-07-01,0.05985
2012-08-01,-0.1291
2012-09-01,-0.355075
2012-10-01,-0.4632
2012-11-01,-0.37176
2012-12-01,-0.509675
2013-01-01,-0.637675
2013-02-01,-0.5982000000000001
2013-03-01,-0.65088
2013-04-01,-0.61515
2013-05-01,-0.58858
2013-06-01,-0.0692
2013-07-01,-0.365225
2013-08-01,-0.30126
2013-09-01,-0.343275
2013-10-01,-0.448125
2013-11-01,-0.5663199999999999
2013-12-01,-0.5512
2014-01-01,-0.5428
2014-02-01,-0.575825
2014-03-01,-0.6127750000000001
2014-04-01,-0.6242
2014-05-01,-0.7042400000000001
2014-06-01,-0.801075
2014-07-01,-0.71585
2014-08-01,-0.6072599999999999
2014-09-01,-0.503525
2014-10-01,-0.27569999999999995
2014-11-01,-0.39475
2014-12-01,-0.17275000000000001
2015-01-01,0.037180000000000005
2015-02-01,-0.22355
2015-03-01,-0.177625
2015-04-01,-0.32255
2015-05-01,-0.29244000000000003
2015-06-01,-0.215625
2015-07-01,-0.10794
2015-08-01,0.169325
2015-09-01,0.27690000000000003
2015-10-01,0.19456
2015-11-01,0.0549
2015-12-01,0.38134999999999997
2016-01-01,0.68782
2016-02-01,0.779075
2016-03-01,0.212075
2016-04-01,0.17543999999999998
2016-05-01,0.134675
2016-06-01,0.28042500000000004
2016-07-01,0.20776
2016-08-01,0.26255
2016-09-01,0.34902
2016-10-01,0.15515
2016-11-01,0.087575
2016-12-01,-0.10996000000000002
2017-01-01,-0.119475
2017-02-01,-0.20485
2017-03-01,-0.36136
2017-04-01,-0.36602500000000004
2017-05-01,-0.559275
2017-06-01,-0.61614
2017-07-01,-0.64115
2017-08-01,-0.49570000000000003
2017-09-01,-0.59596
2017-10-01,-0.714375
2017-11-01,-0.7202500000000001
2017-12-01,-0.6523
2018-01-01,-0.661
2018-02-01,-0.251925
2018-03-01,0.07948000000000001
2018-04-01,0.093625
2018-05-01,-0.19165
2018-06-01,-0.20238
2018-07-01,-0.4031
2018-08-01,-0.5507799999999999
2018-09-01,-0.72065
2018-10-01,-0.486825
2018-11-01,-0.16166
2018-12-01,0.42132499999999995
2019-01-01,-0.033275
2019-02-01,-0.327575
2019-03-01,-0.5029
2019-04-01,-0.682625
2019-05-01,-0.41265999999999997
2019-06-01,-0.3281
2019-07-01,-0.456675
2019-08-01,0.00808
2019-09-01,-0.12252500000000001
2019-10-01,0.06029999999999999
2019-11-01,-0.10342
2019-12-01,-0.2293
2020-01-01,-0.32955999999999996
2020-02-01,-0.204675
2020-03-01,3.97425
2020-04-01,2.5223750000000003
2020-05-01,0.75376
2020-06-01,0.29805000000000004
2020-07-01,0.06788
2020-08-01,-0.192375
2020-09-01,0.023224999999999996
2020-10-01,0.008299999999999997
2020-11-01,-0.27035
2020-12-01,-0.406675
2021-01-01,-0.44611999999999996
2021-02-01,-0.6
2021-03-01,-0.509475
2021-04-01,-0.7562800000000001
2021-05-01,-0.7616
2021-06-01,-0.7973
2021-07-01,-0.73114
2021-08-01,-0.724525
2021-09-01,-0.66765
2021-10-01,-0.73724
2021-11-01,-0.6564
2021-12-01,-0.54002
2022-01-01,-0.4819
2022-02-01,-0.31285
2022-03-01,-0.1139
2022-04-01,-0.26139999999999997
2022-05-01,0.34345000000000003
2022-06-01,0.054224999999999995
2022-07-01,0.13098
2022-08-01,-0.361675
2022-09-01,-0.04204000000000001
2022-10-01,0.00714999999999999
2022-11-01,-0.2881
2022-12-01,0.0032
2023-01-01,-0.37
2023-02-01,-0.4628
2023-03-01,0.11534
2023-04-01,-0.37982499999999997
2023-05-01,-0.400025
2023-06-01,-0.6109199999999999
2023-07-01,-0.7327
2023-08-01,-0.666525
2023-09-01,-0.66442
2023-10-01,-0.407025
2023-11-01,-0.67115
2023-12-01,-0.4971
2024-01-01,-0.7239249999999999
2024-02-01,-0.66555
2024-03-01,-0.87408
2024-04-01,-0.721225
2024-05-01,-0.89184
2024-06-01,-0.8423499999999999
2024-07-01,-0.733375
2024-08-01,-0.50466
2024-09-01,-0.35195
2024-10-01,-0.525925
2024-11-01,-0.57478
2024-12-01,-0.5533250000000001
2025-01-01,-0.79314
2025-02-01,-0.7034
2025-03-01,-0.45430000000000004
2025-04-01,0.059625
2025-05-01,-0.54486
2025-06-01,-0.733375
2025-07-01,-0.784175
2025-08-01,-0.6848799999999999
2025-09-01,-0.52875
2025-10-01,-0.46302000000000004
2025-11-01,-0.334325
2025-12-01,-0.42225
2026-01-01,-0.6494
2026-02-01,-0.5475
2026-03-01,-0.31527499999999997
2026-04-01,-0.577175
2026-05-01,-0.72188
2026-06-01,-0.8643000000000001
